Module,Duration_Weeks,Prerequisites,Difficulty_Level
Module 1: Mathematical Foundations,2,Basic programming knowledge,Beginner
Module 2: Quantum Mechanics Basics,2,Module 1 completed,Beginner-Intermediate
Module 3: Quantum Computing Fundamentals,3,Modules 1-2 completed,Intermediate
Module 4: Quantum Programming Introduction,3,Modules 1-3 completed,Intermediate
Module 5: Core Quantum Algorithms,4,Modules 1-4 completed,Intermediate-Advanced
Module 6: NISQ Programming and Applications,3,Modules 1-5 completed,Intermediate-Advanced
Module 7: Quantum Machine Learning,4,Modules 1-6 completed,Advanced
Module 8: Advanced Topics and Error Correction,3,Modules 1-7 completed,Advanced
Module 9: Practical Projects and Implementation,4,Modules 1-8 completed,Advanced
Module 10: Industry Applications and Future Directions,2,All previous modules,Expert
